,partial_model,full_model,sample_size,batch_size,seed
0,0.023968835671742756,0.044400231043497725,256,32,0
1,0.02392634153366089,0.04427113135655721,256,32,1
2,0.02398496468861898,0.044410185019175215,256,32,2
3,0.023972678184509277,0.044148329893747965,256,32,3
4,0.023977200190226238,0.044311153888702395,256,32,4
5,0.014215024312337239,0.025712668895721436,256,64,0
6,0.01422808567682902,0.025747450192769368,256,64,1
7,0.014259417851765951,0.025675777594248453,256,64,2
8,0.014245192209879557,0.02575132449467977,256,64,3
9,0.014222383499145508,0.025655301411946614,256,64,4
10,0.009115389982859294,0.01588527758916219,256,128,0
11,0.009103302160898845,0.016213536262512207,256,128,1
12,0.009322102864583333,0.015910168488820393,256,128,2
13,0.009114925066630046,0.015894615650177003,256,128,3
14,0.009143364429473878,0.016154948870340982,256,128,4
15,0.006653269131978353,0.011346828937530518,256,256,0
16,0.006875173250834147,0.0114043394724528,256,256,1
17,0.006861654917399088,0.011361424128214519,256,256,2
18,0.00688630739847819,0.011344595750172933,256,256,3
19,0.006888206799825033,0.011384308338165283,256,256,4
20,0.044915886720021565,0.08301570018132527,512,32,0
21,0.04496656656265259,0.08317821423212687,512,32,1
22,0.04494253794352213,0.08358639478683472,512,32,2
23,0.044987197717030844,0.08329357306162516,512,32,3
24,0.045082871119181314,0.08345617850621541,512,32,4
25,0.025553226470947266,0.04606382846832276,512,64,0
26,0.02558400233586629,0.04599052667617798,512,64,1
27,0.025605857372283936,0.04592043161392212,512,64,2
28,0.025604220231374104,0.04609684944152832,512,64,3
29,0.025578407446543376,0.04622943798700969,512,64,4
30,0.0167154590288798,0.029154086112976076,512,128,0
31,0.01689439614613851,0.02911351521809896,512,128,1
32,0.016694374879201255,0.02903937896092733,512,128,2
33,0.016687361399332683,0.029066185156504314,512,128,3
34,0.016715570290883382,0.02936251958211263,512,128,4
35,0.011771321296691895,0.019367690881093344,512,256,0
36,0.01172405481338501,0.018912092844645182,512,256,1
37,0.011297106742858887,0.01903911034266154,512,256,2
38,0.011615065733591716,0.018837940692901612,512,256,3
39,0.011781891187032064,0.0192045529683431,512,256,4
40,0.08792350292205811,0.16287186940511067,1024,32,0
41,0.08797915776570638,0.1631678859392802,1024,32,1
42,0.08809024890263875,0.16346115271250408,1024,32,2
43,0.08790028889973958,0.1629390279452006,1024,32,3
44,0.0885785698890686,0.16327732404073078,1024,32,4
45,0.048171420892079674,0.08652251958847046,1024,64,0
46,0.04817566871643066,0.08661781946818034,1024,64,1
47,0.04816969633102417,0.08672035137812296,1024,64,2
48,0.048094526926676436,0.0864889939626058,1024,64,3
49,0.048189445336659746,0.08666067918141683,1024,64,4
50,0.030811238288879394,0.05376484791437785,1024,128,0
51,0.03086036443710327,0.054952975114186606,1024,128,1
52,0.030485649903615315,0.05427389939626058,1024,128,2
53,0.030441840489705402,0.053813254833221434,1024,128,3
54,0.031085491180419922,0.053879996140797935,1024,128,4
55,0.021651307741800945,0.03562324047088623,1024,256,0
56,0.02172222137451172,0.03588831424713135,1024,256,1
57,0.021614885330200194,0.03541709582010905,1024,256,2
58,0.02138810157775879,0.03552732467651367,1024,256,3
59,0.021672077973683677,0.0351263443628947,1024,256,4
60,0.3448731780052185,0.638131050268809,4096,32,0
61,0.34476550022761027,0.6402891914049784,4096,32,1
62,0.34648898045221965,0.6419995943705241,4096,32,2
63,0.34576524098714195,0.6431420922279358,4096,32,3
64,0.34466272592544556,0.6424246788024902,4096,32,4
65,0.18688613971074422,0.33695963223775227,4096,64,0
66,0.18610785007476807,0.33714333375295,4096,64,1
67,0.18670142491658528,0.3371055483818054,4096,64,2
68,0.18675186236699423,0.33766411542892455,4096,64,3
69,0.1866930921872457,0.33600069681803385,4096,64,4
70,0.11630327304204305,0.20138244231541952,4096,128,0
71,0.1179024895032247,0.20079532066980998,4096,128,1
72,0.11630733410517374,0.19864830176035564,4096,128,2
73,0.11617282629013062,0.20122989813486736,4096,128,3
74,0.11791122357050578,0.20358028809229534,4096,128,4
75,0.07626181443532308,0.12416640917460124,4096,256,0
76,0.07647963762283325,0.12335073947906494,4096,256,1
77,0.07833910385767619,0.12400654157002768,4096,256,2
78,0.07778681516647339,0.12451267639795939,4096,256,3
79,0.07810798486073812,0.12678311268488565,4096,256,4
80,0.6881495197614034,1.2796884536743165,8192,32,0
81,0.6873815218607585,1.2796584526697794,8192,32,1
82,0.6889127612113952,1.2808181246121724,8192,32,2
83,0.6889326453208924,1.2779103517532349,8192,32,3
84,0.6879460533459981,1.283447762330373,8192,32,4
85,0.3726339817047119,0.6715068896611531,8192,64,0
86,0.3719568610191345,0.6721288522084554,8192,64,1
87,0.3720288793245951,0.6715201338132223,8192,64,2
88,0.37185579538345337,0.6693108558654786,8192,64,3
89,0.37256492376327516,0.6708964347839356,8192,64,4
90,0.23334381182988484,0.40532321532567345,8192,128,0
91,0.23672645886739094,0.39905935525894165,8192,128,1
92,0.23104705413182577,0.39838821490605675,8192,128,2
93,0.23357775211334228,0.3959636211395264,8192,128,3
94,0.23144341309865316,0.39649324417114257,8192,128,4
95,0.15791032314300538,0.25153859456380206,8192,256,0
96,0.15802441040674844,0.2530011336008708,8192,256,1
97,0.15507757663726807,0.24765705267588298,8192,256,2
98,0.1562286893526713,0.24647300640741984,8192,256,3
99,0.15514500935872397,0.25192811091740924,8192,256,4
100,1.381624460220337,2.551234491666158,16384,32,0
101,1.3779415925343832,2.545212121804555,16384,32,1
102,1.3810369412104289,2.5549231211344403,16384,32,2
103,1.3799286206563315,2.5608461022377016,16384,32,3
104,1.3799525260925294,2.5623977065086363,16384,32,4
105,0.7435747067133586,1.3364542524019878,16384,64,0
106,0.742812701066335,1.3392544468243917,16384,64,1
107,0.7441904584566752,1.3376522461573284,16384,64,2
108,0.7445249954859415,1.3372129519780478,16384,64,3
109,0.7433396339416504,1.3379102269808452,16384,64,4
110,0.464199952284495,0.7938290198644002,16384,128,0
111,0.4678872307141622,0.7918163776397705,16384,128,1
112,0.4679823557535807,0.7910834550857544,16384,128,2
113,0.4644727031389872,0.7988989194234212,16384,128,3
114,0.46788113117218016,0.8000944296518961,16384,128,4
115,0.3193233291308085,0.5021568973859151,16384,256,0
116,0.3166816314061483,0.5046886642773946,16384,256,1
117,0.3201408346494039,0.5049906849861145,16384,256,2
118,0.3120739658673604,0.5007555882136027,16384,256,3
119,0.3214030702908834,0.49977431297302244,16384,256,4
120,2.765093477567037,5.113487577438354,32768,32,0
121,2.7591427326202393,5.126005828380585,32768,32,1
122,2.762161135673523,5.11950447956721,32768,32,2
123,2.7659415006637573,5.11389373143514,32768,32,3
124,2.764032737414042,5.121139919757843,32768,32,4
125,1.4990590890248616,2.6784952680269876,32768,64,0
126,1.5037840485572815,2.680877772967021,32768,64,1
127,1.492979645729065,2.6877531886100767,32768,64,2
128,1.496858255068461,2.6925464272499084,32768,64,3
129,1.498436729113261,2.683986496925354,32768,64,4
130,0.9581211964289348,1.5984865466753642,32768,128,0
131,0.9458321611086528,1.6053261041641236,32768,128,1
132,0.945138402779897,1.603100295861562,32768,128,2
133,0.9408585747083028,1.5923798958460489,32768,128,3
134,0.947258182366689,1.5946304519971213,32768,128,4
135,0.6438156684239705,1.004180916150411,32768,256,0
136,0.6535201668739319,1.0036821007728576,32768,256,1
137,0.6556740601857504,1.007845163345337,32768,256,2
138,0.6582661072413126,1.0058377345403036,32768,256,3
139,0.6593119263648987,1.0033770720163981,32768,256,4
